sample_id	total_variants	total_residue_variants	consequence_type_variants	region_residues	domain_residues	feature_residues	ACE2_contact_counts	ACE2_contact_score	trimer_contact_counts	trimer_contact_score	barnes_class_variants	bloom_ACE2_wuhan_mean	bloom_ACE2_wuhan_max	bloom_ACE2_wuhan_min	bloom_ACE2_BA1_mean	bloom_ACE2_BA1_max	bloom_ACE2_BA1_min	bloom_ACE2_BA2_mean	bloom_ACE2_BA2_max	bloom_ACE2_BA2_min	VDS_sum	VDS_max	VDS_min	serum_escape_sum	serum_escape_max	serum_escape_min	mAb_escape_all_classes_sum	mAb_escape_all_classes_max	mAb_escape_all_classes_min	cm_mAb_escape_all_classes_sum	cm_mAb_escape_all_classes_max	cm_mAb_escape_all_classes_min	mAb_escape_class_1_sum	mAb_escape_class_1_max	mAb_escape_class_1_min	mAb_escape_class_2_sum	mAb_escape_class_2_max	mAb_escape_class_2_min	mAb_escape_class_3_sum	mAb_escape_class_3_max	mAb_escape_class_3_min	mAb_escape_class_4_sum	mAb_escape_class_4_max	mAb_escape_class_4_min	BEC_EF_sample
Alpha	26	23	conservative_inframe_deletion:2,disruptive_inframe_deletion:1,intergenic_region:1,missense_variant:15,stop_gained:1,synonymous_variant:6	surface glycoprotein:S1:7,surface glycoprotein:S2:3	surface glycoprotein:NTD:3,surface glycoprotein:SD1-2:3,ORF8 protein:Ig_unstructured_insertion:2,surface glycoprotein:heptad_repeat_1:1,surface glycoprotein:connector_domain:1,surface glycoprotein:S2_N:1,surface glycoprotein:RBM:1,nsp3:ubiquitin-like_1:1,nsp3:Papain-like_protease:1	surface glycoprotein:NTD:loop_N2:2,surface glycoprotein:SD1-2:furin_cleavage_adjacent:1,surface glycoprotein:NTD:loop_N3 beta_hairpin_supersite_i:1	2	3	4	4	class_1:1,class_2:1	1.073140002	N501Y:1.073140001731777	N501Y:1.073140001731777	0	N501Y:0.0	N501Y:0.0	0	N501Y:0.0	N501Y:0.0	0.420226627	N501Y:0.253196287	T716I:-0.030979099	0.0133299	N501Y:0.0133299	N501Y:0.0133299	0.046760962	N501Y:0.0467609615384615	N501Y:0.0467609615384615	0.08764345	N501Y:0.08764345000000001	N501Y:0.08764345000000001	0.1619085	N501Y:0.1619085	N501Y:0.1619085	0.0133784	N501Y:0.0133784	N501Y:0.0133784							0.020940681
BA.1	56	59	conservative_inframe_deletion:1,conservative_inframe_insertion:1,disruptive_inframe_deletion:5,intergenic_region:1,missense_variant:41,synonymous_variant:7	surface glycoprotein:S1:31,surface glycoprotein:S2:6,membrane glycoprotein:viral_envelope:2,membrane glycoprotein:extravirion:1	surface glycoprotein:NTD:11,surface glycoprotein:RBM:10,surface glycoprotein:RBD:5,surface glycoprotein:SD1-2:5,surface glycoprotein:heptad_repeat_1:3,surface glycoprotein:S2_N:2,membrane glycoprotein:transmembrane_domain:2,nsp3:betacoronavirus-specific_marker:2,surface glycoprotein:S2_MID:1,nsp4:C-terminal_domain:1,nsp3:ubiquitin-like_1:1,nsp3:C-terminal_domain:1,RNA-dependent RNA polymerase:interface:1,3C-like proteinase:domain_II:1,3'-to-5' exonuclease:ExoN:1	surface glycoprotein:NTD:loop_N3 beta_hairpin_supersite_i:4,surface glycoprotein:NTD:loop_N2:3,surface glycoprotein:SD1-2:furin_cleavage_adjacent:2,membrane glycoprotein:transmembrane_domain:helix_1:1,membrane glycoprotein:transmembrane_domain:helix_2:1	14	22	14	18	class_2:11,class_1:7,class_3:3,class_1*:1,class_3*:1,class_4:1	-0.61068261	Y505H:-1.312609999977776	N501Y:1.073140001731777	0	G339D:0.0,S371L:0.0,S373P:0.0,S375F:0.0,K417N:0.0,N440K:0.0,G446S:0.0,S477N:0.0,T478K:0.0,E484A:0.0,Q493R:0.0,G496S:0.0,Q498R:0.0,N501Y:0.0,Y505H:0.0	G339D:0.0,S371L:0.0,S373P:0.0,S375F:0.0,K417N:0.0,N440K:0.0,G446S:0.0,S477N:0.0,T478K:0.0,E484A:0.0,Q493R:0.0,G496S:0.0,Q498R:0.0,N501Y:0.0,Y505H:0.0	-0.023446564	G496S:-0.21624000006754512	G339D:0.0,S373P:0.0,S375F:0.0,K417N:0.0,N440K:0.0,S477N:0.0,T478K:0.0,E484A:0.0,Q493R:0.0,Q498R:0.0,N501Y:0.0,Y505H:0.0	0.672036719	K417N:0.269617067	S375F:-0.393528739	0.77098905	E484A:0.323583333333333	N440K:0.00844255	0.940060427	E484A:0.342314238461538	T478K:0.0108026538461538	1.250769305	E484A:0.2993585111111111	G496S:0.01049094666666665	0.900331683	K417N:0.3451405	G496S:0.0100918333333333	1.43475256	E484A:0.859	G496S:0.01089006	0.399667117	N440K:0.237995	Q493R:0.0069089166666666	0.01933475	S371L:0.01933475	S371L:0.01933475	0.40436913
BA.1.1	57	60	conservative_inframe_deletion:1,conservative_inframe_insertion:1,disruptive_inframe_deletion:5,intergenic_region:1,missense_variant:42,synonymous_variant:7	surface glycoprotein:S1:32,surface glycoprotein:S2:6,membrane glycoprotein:viral_envelope:2,membrane glycoprotein:extravirion:1	surface glycoprotein:NTD:11,surface glycoprotein:RBM:10,surface glycoprotein:RBD:6,surface glycoprotein:SD1-2:5,surface glycoprotein:heptad_repeat_1:3,membrane glycoprotein:transmembrane_domain:2,surface glycoprotein:S2_N:2,nsp3:betacoronavirus-specific_marker:2,surface glycoprotein:S2_MID:1,nsp4:C-terminal_domain:1,nsp3:ubiquitin-like_1:1,nsp3:C-terminal_domain:1,RNA-dependent RNA polymerase:interface:1,3C-like proteinase:domain_II:1,3'-to-5' exonuclease:ExoN:1	surface glycoprotein:NTD:loop_N3 beta_hairpin_supersite_i:4,surface glycoprotein:NTD:loop_N2:3,surface glycoprotein:SD1-2:furin_cleavage_adjacent:2,membrane glycoprotein:transmembrane_domain:helix_1:1,membrane glycoprotein:transmembrane_domain:helix_2:1	14	22	14	18	class_2:12,class_1:7,class_3:4,class_1*:1,class_3*:1,class_4:1	-0.588331406	Y505H:-1.312609999977776	N501Y:1.073140001731777	0.007659768	G339D:0.0,S371L:0.0,S373P:0.0,S375F:0.0,K417N:0.0,N440K:0.0,G446S:0.0,S477N:0.0,T478K:0.0,E484A:0.0,Q493R:0.0,G496S:0.0,Q498R:0.0,N501Y:0.0,Y505H:0.0	R346K:0.14250000014370853	-0.019079858	G496S:-0.21624000006754512	R346K:0.052309999905974014	0.66454448	K417N:0.269617067	S375F:-0.393528739	0.7894023	E484A:0.323583333333333	N440K:0.00844255	0.983732004	E484A:0.342314238461538	T478K:0.0108026538461538	1.328809288	E484A:0.2993585111111111	G496S:0.01049094666666665	0.900331683	K417N:0.3451405	G496S:0.0100918333333333	1.44683436	E484A:0.859	G496S:0.01089006	0.543665283	N440K:0.237995	Q493R:0.0069089166666666	0.01933475	S371L:0.01933475	S371L:0.01933475	0.513856469
BA.2	64	58	conservative_inframe_deletion:1,disruptive_inframe_deletion:2,intergenic_region:1,missense_variant:47,synonymous_variant:13	surface glycoprotein:S1:27,surface glycoprotein:S2:4,membrane glycoprotein:viral_envelope:2	surface glycoprotein:RBD:8,surface glycoprotein:RBM:8,surface glycoprotein:NTD:7,surface glycoprotein:SD1-2:4,membrane glycoprotein:transmembrane_domain:2,nsp4:C-terminal_domain:2,nsp4:N-terminal_domain:2,surface glycoprotein:S2_N:2,surface glycoprotein:heptad_repeat_1:2,RNA-dependent RNA polymerase:interface:1,ORF3a protein:cytosolic:1,3C-like proteinase:domain_II:1,3'-to-5' exonuclease:ExoN:1,endoRNAse:middle_domain:1,helicase:RecA1:1,nsp3:ubiquitin-like_1:1	surface glycoprotein:NTD:loop_N1:3,surface glycoprotein:SD1-2:furin_cleavage_adjacent:2,membrane glycoprotein:transmembrane_domain:helix_1:1,membrane glycoprotein:transmembrane_domain:helix_2:1,surface glycoprotein:NTD:loop_N1 NTD_supersite_i:1,surface glycoprotein:NTD:loop_N3 beta_hairpin_supersite_i:1	10	16	10	13	class_2:10,class_1:8,class_3:3,class_4*:2,class_1*:1,class_4:1	-0.510453455	Y505H:-1.312609999977776	N501Y:1.073140001731777	-0.079808259	D405N:-0.5674300000177765	S371F:0.09890999985430515	0	G339D:0.0,S371F:0.0,S373P:0.0,S375F:0.0,T376A:0.0,D405N:0.0,R408S:0.0,K417N:0.0,N440K:0.0,S477N:0.0,T478K:0.0,E484A:0.0,Q493R:0.0,Q498R:0.0,N501Y:0.0,Y505H:0.0	G339D:0.0,S371F:0.0,S373P:0.0,S375F:0.0,T376A:0.0,D405N:0.0,R408S:0.0,K417N:0.0,N440K:0.0,S477N:0.0,T478K:0.0,E484A:0.0,Q493R:0.0,Q498R:0.0,N501Y:0.0,Y505H:0.0	0.458958221	K417N:0.269617067	S375F:-0.393528739	0.6624763	E484A:0.323583333333333	N440K:0.00844255	0.979374231	E484A:0.342314238461538	T478K:0.0108026538461538	1.307931408	E484A:0.2993585111111111	S477N:0.0109017	0.95614835	K417N:0.3451405	R408S:0.0101746666666667	1.4237176	E484A:0.859	S371F:0.0113018	0.255192617	N440K:0.237995	Q493R:0.0069089166666666	0.23335175	R408S:0.21461225	S371F:0.0187395	0.356114642
BA.2.12.1	71	60	conservative_inframe_deletion:1,disruptive_inframe_deletion:2,intergenic_region:2,missense_variant:49,synonymous_variant:17	surface glycoprotein:S1:28,surface glycoprotein:S2:5,membrane glycoprotein:viral_envelope:2	surface glycoprotein:RBM:9,surface glycoprotein:RBD:8,surface glycoprotein:NTD:7,surface glycoprotein:SD1-2:4,surface glycoprotein:S2_N:3,nsp4:C-terminal_domain:2,membrane glycoprotein:transmembrane_domain:2,nsp4:N-terminal_domain:2,surface glycoprotein:heptad_repeat_1:2,3'-to-5' exonuclease:ExoN:1,nsp3:ubiquitin-like_1:1,helicase:RecA1:1,endoRNAse:middle_domain:1,RNA-dependent RNA polymerase:interface:1,ORF3a protein:cytosolic:1,3C-like proteinase:domain_II:1	surface glycoprotein:NTD:loop_N1:3,surface glycoprotein:SD1-2:furin_cleavage_adjacent:2,membrane glycoprotein:transmembrane_domain:helix_1:1,membrane glycoprotein:transmembrane_domain:helix_2:1,surface glycoprotein:NTD:loop_N1 NTD_supersite_i:1,surface glycoprotein:NTD:loop_N3 beta_hairpin_supersite_i:1	10	16	11	14	class_2:11,class_1:8,class_3:3,class_4*:2,class_1*:1,class_3*:1,class_4:1	-0.48903173	Y505H:-1.312609999977776	N501Y:1.073140001731777	-0.076642751	D405N:-0.5674300000177765	S371F:0.09890999985430515	-0.008586666	L452Q:-0.12692999985181386	G339D:0.0,S371F:0.0,S373P:0.0,S375F:0.0,T376A:0.0,D405N:0.0,R408S:0.0,K417N:0.0,N440K:0.0,S477N:0.0,T478K:0.0,E484A:0.0,Q493R:0.0,Q498R:0.0,N501Y:0.0,Y505H:0.0	0.352597363	K417N:0.269617067	S375F:-0.393528739	0.727006633	E484A:0.323583333333333	N440K:0.00844255	1.037158808	E484A:0.342314238461538	T478K:0.0108026538461538	1.383373375	E484A:0.2993585111111111	S477N:0.0109017	0.95614835	K417N:0.3451405	R408S:0.0101746666666667	1.5367692	E484A:0.859	S371F:0.0113018	0.29302495	N440K:0.237995	Q493R:0.0069089166666666	0.23335175	R408S:0.21461225	S371F:0.0187395	0.447787004
BA.2.75	76	69	conservative_inframe_deletion:1,disruptive_inframe_deletion:2,missense_variant:58,synonymous_variant:15	surface glycoprotein:S1:33,surface glycoprotein:S2:4,membrane glycoprotein:viral_envelope:2	surface glycoprotein:NTD:12,surface glycoprotein:RBM:9,surface glycoprotein:RBD:8,surface glycoprotein:SD1-2:4,surface glycoprotein:heptad_repeat_1:2,surface glycoprotein:S2_N:2,nsp4:N-terminal_domain:2,nsp4:C-terminal_domain:2,membrane glycoprotein:transmembrane_domain:2,endoRNAse:middle_domain:1,nsp8:head:1,nsp3:ubiquitin-like_1:1,nsp3:Papain-like_protease:1,helicase:RecA1:1,RNA-dependent RNA polymerase:interface:1,RNA-dependent RNA polymerase:RdRp_domain:1,ORF3a protein:cytosolic:1,3C-like proteinase:domain_II:1,3'-to-5' exonuclease:ExoN:1	surface glycoprotein:NTD:loop_N1:3,surface glycoprotein:NTD:loop_N3 beta_hairpin_supersite_i:3,surface glycoprotein:SD1-2:furin_cleavage_adjacent:2,surface glycoprotein:NTD:loop_N1 NTD_supersite_i:1,membrane glycoprotein:transmembrane_domain:helix_1:1,membrane glycoprotein:transmembrane_domain:helix_2:1,surface glycoprotein:NTD:beta_hairpin_supersite_i:1,surface glycoprotein:NTD:loop_N5 loop_supersite_i:1	10	16	10	13	class_2:10,class_1:8,class_3:2,class_4*:2,class_1*:1,class_3*:1,class_4:1	-0.503423539	Y505H:-1.312609999977776	N501Y:1.073140001731777	-0.071343389	D405N:-0.5674300000177765	N460K:0.2271899997960306	0.003530338	G446S:-0.0694100001120702	N460K:0.2044800000571535	0.494838251	K417N:0.269617067	S375F:-0.393528739	0.652832917	E484A:0.323583333333333	N440K:0.00844255	0.85966045	E484A:0.342314238461538	T478K:0.0108026538461538	1.369873636	E484A:0.2993585111111111	S477N:0.0109017	1.000386667	K417N:0.3451405	R408S:0.0101746666666667	0.9760308	E484A:0.859	S371F:0.0113018	0.3927582	N440K:0.237995	E484A:0.0102887	0.23335175	R408S:0.21461225	S371F:0.0187395	0.430581357
BA.4	70	65	conservative_inframe_deletion:2,disruptive_inframe_deletion:3,intergenic_region:2,missense_variant:49,synonymous_variant:14	surface glycoprotein:S1:30,surface glycoprotein:S2:4,membrane glycoprotein:viral_envelope:2	surface glycoprotein:RBM:9,surface glycoprotein:NTD:9,surface glycoprotein:RBD:8,surface glycoprotein:SD1-2:4,membrane glycoprotein:transmembrane_domain:2,surface glycoprotein:S2_N:2,surface glycoprotein:heptad_repeat_1:2,nsp4:N-terminal_domain:2,nucleocapsid phosphoprotein:RNA_binding:1,nsp4:C-terminal_domain:1,nsp3:ubiquitin-like_1:1,helicase:RecA1:1,endoRNAse:middle_domain:1,RNA-dependent RNA polymerase:interface:1,ORF3a protein:cytosolic:1,3C-like proteinase:domain_II:1,3'-to-5' exonuclease:ExoN:1	surface glycoprotein:NTD:loop_N1:3,surface glycoprotein:SD1-2:furin_cleavage_adjacent:2,surface glycoprotein:NTD:loop_N2:2,surface glycoprotein:NTD:loop_N3 beta_hairpin_supersite_i:1,surface glycoprotein:NTD:loop_N1 NTD_supersite_i:1,membrane glycoprotein:transmembrane_domain:helix_2:1,membrane glycoprotein:transmembrane_domain:helix_1:1	9	14	10	13	class_2:11,class_1:8,class_3:2,class_4*:2,class_1*:1,class_3*:1,class_4:1	-0.511830827	Y505H:-1.312609999977776	N501Y:1.073140001731777	-0.129866721	D405N:-0.5674300000177765	S371F:0.09890999985430515	-0.049187272	F486V:-0.46831000001533646	G339D:0.0,S371F:0.0,S373P:0.0,S375F:0.0,T376A:0.0,D405N:0.0,R408S:0.0,K417N:0.0,N440K:0.0,S477N:0.0,T478K:0.0,E484A:0.0,Q498R:0.0,N501Y:0.0,Y505H:0.0	0.673354603	K417N:0.269617067	S375F:-0.393528739	0.7887892	E484A:0.323583333333333	N440K:0.00844255	1.1993016	E484A:0.342314238461538	T478K:0.0108026538461538	1.769336469	F486V:0.38505904999999996	S477N:0.0109017	1.2024395	F486V:0.3889525	R408S:0.0101746666666667	1.7337321	E484A:0.859	S371F:0.0113018	0.4188294	N440K:0.237995	E484A:0.0102887	0.23335175	R408S:0.21461225	S371F:0.0187395	0.543329782
BA.5	68	61	conservative_inframe_deletion:1,disruptive_inframe_deletion:3,intergenic_region:3,missense_variant:48,synonymous_variant:13	surface glycoprotein:S1:30,surface glycoprotein:S2:4,membrane glycoprotein:viral_envelope:2,membrane glycoprotein:extravirion:1	surface glycoprotein:RBM:9,surface glycoprotein:NTD:9,surface glycoprotein:RBD:8,surface glycoprotein:SD1-2:4,membrane glycoprotein:transmembrane_domain:2,surface glycoprotein:S2_N:2,surface glycoprotein:heptad_repeat_1:2,nsp4:N-terminal_domain:2,3'-to-5' exonuclease:ExoN:1,endoRNAse:middle_domain:1,3C-like proteinase:domain_II:1,ORF3a protein:cytosolic:1,RNA-dependent RNA polymerase:interface:1,helicase:RecA1:1,nsp3:ubiquitin-like_1:1,nsp4:C-terminal_domain:1	surface glycoprotein:NTD:loop_N1:3,surface glycoprotein:NTD:loop_N2:2,surface glycoprotein:SD1-2:furin_cleavage_adjacent:2,membrane glycoprotein:transmembrane_domain:helix_2:1,membrane glycoprotein:transmembrane_domain:helix_1:1,surface glycoprotein:NTD:loop_N1 NTD_supersite_i:1,surface glycoprotein:NTD:loop_N3 beta_hairpin_supersite_i:1	9	14	10	13	class_2:11,class_1:8,class_3:2,class_4*:2,class_1*:1,class_3*:1,class_4:1	-0.511830827	Y505H:-1.312609999977776	N501Y:1.073140001731777	-0.129866721	D405N:-0.5674300000177765	S371F:0.09890999985430515	-0.049187272	F486V:-0.46831000001533646	G339D:0.0,S371F:0.0,S373P:0.0,S375F:0.0,T376A:0.0,D405N:0.0,R408S:0.0,K417N:0.0,N440K:0.0,S477N:0.0,T478K:0.0,E484A:0.0,Q498R:0.0,N501Y:0.0,Y505H:0.0	0.673354603	K417N:0.269617067	S375F:-0.393528739	0.7887892	E484A:0.323583333333333	N440K:0.00844255	1.1993016	E484A:0.342314238461538	T478K:0.0108026538461538	1.769336469	F486V:0.38505904999999996	S477N:0.0109017	1.2024395	F486V:0.3889525	R408S:0.0101746666666667	1.7337321	E484A:0.859	S371F:0.0113018	0.4188294	N440K:0.237995	E484A:0.0102887	0.23335175	R408S:0.21461225	S371F:0.0187395	0.543329782
BA.5.3.1	64	62	conservative_inframe_deletion:1,disruptive_inframe_deletion:3,missense_variant:49,synonymous_variant:11	surface glycoprotein:S1:30,surface glycoprotein:S2:4,membrane glycoprotein:viral_envelope:2,membrane glycoprotein:extravirion:1	surface glycoprotein:RBM:9,surface glycoprotein:NTD:9,surface glycoprotein:RBD:8,surface glycoprotein:SD1-2:4,nsp4:N-terminal_domain:2,surface glycoprotein:heptad_repeat_1:2,membrane glycoprotein:transmembrane_domain:2,surface glycoprotein:S2_N:2,3C-like proteinase:domain_II:1,3'-to-5' exonuclease:ExoN:1,nucleocapsid phosphoprotein:RNA_binding:1,nsp4:C-terminal_domain:1,nsp3:ubiquitin-like_1:1,helicase:RecA1:1,endoRNAse:middle_domain:1,RNA-dependent RNA polymerase:interface:1,ORF3a protein:cytosolic:1	surface glycoprotein:NTD:loop_N1:3,surface glycoprotein:NTD:loop_N2:2,surface glycoprotein:SD1-2:furin_cleavage_adjacent:2,surface glycoprotein:NTD:loop_N1 NTD_supersite_i:1,membrane glycoprotein:transmembrane_domain:helix_2:1,surface glycoprotein:NTD:loop_N3 beta_hairpin_supersite_i:1,membrane glycoprotein:transmembrane_domain:helix_1:1	9	14	10	13	class_2:11,class_1:8,class_3:2,class_4*:2,class_1*:1,class_3*:1,class_4:1	-0.510661608	Y505H:-1.312609999977776	N501Y:1.073140001731777	-0.127206149	D405N:-0.5674300000177765	S371F:0.09890999985430515	-0.054640269	F486V:-0.46831000001533646	G339D:0.0,S371F:0.0,S373P:0.0,S375F:0.0,T376A:0.0,D405N:0.0,R408S:0.0,K417N:0.0,N440K:0.0,S477N:0.0,T478K:0.0,E484A:0.0,Q498R:0.0,N501Y:0.0,Y505H:0.0	0.511683041	K417N:0.269617067	S375F:-0.393528739	0.7373028	E484A:0.323583333333333	N440K:0.00844255	1.063613015	E484A:0.342314238461538	T478K:0.0108026538461538	1.565564736	F486V:0.38505904999999996	S477N:0.0109017	1.2024395	F486V:0.3889525	R408S:0.0101746666666667	1.458902	E484A:0.859	S371F:0.0113018	0.286116033	N440K:0.237995	E484A:0.0102887	0.23335175	R408S:0.21461225	S371F:0.0187395	0.543329782
Delta	22	19	disruptive_inframe_deletion:1,intergenic_region:4,missense_variant:16,synonymous_variant:1	surface glycoprotein:S1:8,membrane glycoprotein:viral_envelope:1,surface glycoprotein:S2:1	surface glycoprotein:NTD:4,surface glycoprotein:RBM:2,surface glycoprotein:SD1-2:2,ORF7a protein:ectodomain:1,ORF3a protein:transmembrane:1,ORF7a protein:ER_retention_signal:1,RNA-dependent RNA polymerase:RdRp_domain:1,helicase:zinc_binding_domain:1,membrane glycoprotein:transmembrane_domain:1,nucleocapsid phosphoprotein:RNA_binding:1,RNA-dependent RNA polymerase:interface:1,surface glycoprotein:heptad_repeat_1:1	surface glycoprotein:NTD:beta_hairpin_supersite_i:2,surface glycoprotein:NTD:loop_N3 beta_hairpin_supersite_i:1,surface glycoprotein:NTD:loop_N1 NTD_supersite_i:1,membrane glycoprotein:transmembrane_domain:helix_3:1,surface glycoprotein:SD1-2:furin_cleavage_adjacent:1			1	1	class_2:1,class_3*:1	-0.018053214	T478K:-0.12949999988899213	L452R:0.13224999973188686	-0.040084561	L452R:-0.07678000014271205	T478K:0.0	-0.020962708	L452R:-0.04096000003346934	T478K:0.0	0.17366686	D614G:0.145311539	T19R:-0.170166927	0.1292366	L452R:0.116016733333333	T478K:0.0132198666666667	0.204275815	L452R:0.193473161538462	T478K:0.0108026538461538	0.2792137	L452R:0.2792137	L452R:0.2792137				0.3878817	L452R:0.3878817	L452R:0.3878817	0.1705457	L452R:0.1705457	L452R:0.1705457				0.14133156